{
    "polygons": {
        "test_block": [
            -0.4921875,
            0.4921875,
            -0.4921875,
            -0.4921875,
            0.4921875,
            0.4921875,
            0.4921875,
            -0.4921875
        ],
        "hinge_l": [
            -0.4921875,
            -0.2109375,
            -0.4921875,
            -0.4921875,
            -0.1484375,
            0.1015625,
            0.1328125,
            0.1015625,
            0.4921875,
            -0.2109375,
            0.4921875,
            -0.4921875
        ],
        "hinge_u": [
            -0.4921875,
            0.4921875,
            -0.4921875,
            0.2421875,
            -0.1328125,
            -0.0859375,
            0.1328125,
            -0.0859375,
            0.4921875,
            0.4921875,
            0.4921875,
            0.2421875
        ]
    }
}